{"mean_reward": 275.871086862119, "std_reward": 20.787429925015193, "is_deterministic": true, "n_eval_episodes": 10, "eval_datetime": "2023-07-30T11:45:37.171005"}